receiveStartexplode_generateMatricies_ar__3;"=AVERAGE(BX93:BX65536)"
sendEndmultiplyMatricies_5__implode__0;"=AVERAGE(G93:G65536)"
receiveStartexplode_generateMatricies_ar__4;"=AVERAGE(K93:K65536)"
receiveStartexplode_generateMatricies_ar__6;"=AVERAGE(BP93:BP65536)"
receiveStartexplode_generateMatricies_ar__0;"=AVERAGE(CF93:CF65536)"
receiveStartexplode_generateMatricies_ar__1;"=AVERAGE(CN93:CN65536)"
receiveStartexplode_generateMatricies_ar__2;"=AVERAGE(CV93:CV65536)"
receiveStartmultiplyMatricies_0__implode__0;"=AVERAGE(AV93:AV65536)"
receiveStartmultiplyMatricies_6__implode__0;"=AVERAGE(BG93:BG65536)"
sendEndexplode_generateMatricies_ar__1;"=AVERAGE(AS93:AS65536)"
receiveEndexplode_generateMatricies_ar__4;"=AVERAGE(L93:L65536)"
sendEndexplode_generateMatricies_ar__2;"=AVERAGE(AQ93:AQ65536)"
receiveEndexplode_generateMatricies_ar__7;"=AVERAGE(D93:D65536)"
receiveEndexplode_generateMatricies_ar__6;"=AVERAGE(BQ93:BQ65536)"
sendEndexplode_generateMatricies_ar__0;"=AVERAGE(AI93:AI65536)"
receiveEndexplode_generateMatricies_ar__1;"=AVERAGE(CO93:CO65536)"
sendStartbroadcastArrayB__multiplyMat__3;"=AVERAGE(W93:W65536)"
sendStartexplode_generateMatricies_ar__1;"=AVERAGE(AR93:AR65536)"
receiveEndexplode_generateMatricies_ar__0;"=AVERAGE(CG93:CG65536)"
receiveStartmultiplyMatricies_2__implode__0;"=AVERAGE(AZ93:AZ65536)"
sendStartbroadcastArrayB__multiplyMat__2;"=AVERAGE(AA93:AA65536)"
sendStartexplode_generateMatricies_ar__0;"=AVERAGE(AH93:AH65536)"
sendStartmultiplyMatricies_2__implode__0;"=AVERAGE(CY93:CY65536)"
receiveEndexplode_generateMatricies_ar__3;"=AVERAGE(BY93:BY65536)"
receiveEndexplode_generateMatricies_ar__2;"=AVERAGE(CW93:CW65536)"
sendStartbroadcastArrayB__multiplyMat__0;"=AVERAGE(S93:S65536)"
broadcastArrayB;"=AVERAGE(R93:R65536)"
sendEndmultiplyMatricies_6__implode__0;"=AVERAGE(O93:O65536)"
sendStartbroadcastArrayB__multiplyMat__7;"=AVERAGE(AE93:AE65536)"
sendStartbroadcastArrayB__multiplyMat__6;"=AVERAGE(Y93:Y65536)"
sendStartbroadcastArrayB__multiplyMat__5;"=AVERAGE(AC93:AC65536)"
sendEndexplode_generateMatricies_ar__7;"=AVERAGE(AM93:AM65536)"
sendStartbroadcastArrayB__multiplyMat__4;"=AVERAGE(U93:U65536)"
sendEndexplode_generateMatricies_ar__6;"=AVERAGE(AU93:AU65536)"
sendEndexplode_generateMatricies_ar__3;"=AVERAGE(AO93:AO65536)"
sendEndexplode_generateMatricies_ar__4;"=AVERAGE(AK93:AK65536)"
sendStartmultiplyMatricies_5__implode__0;"=AVERAGE(F93:F65536)"
sendEndmultiplyMatricies_3__implode__0;"=AVERAGE(CB93:CB65536)"
receiveEndbroadcastArrayB__multiplyMat__0;"=AVERAGE(CE93:CE65536)"
sendEndmultiplyMatricies_2__implode__0;"=AVERAGE(CZ93:CZ65536)"
receiveEndbroadcastArrayB__multiplyMat__2;"=AVERAGE(CU93:CU65536)"
sendStartexplode_generateMatricies_ar__2;"=AVERAGE(AP93:AP65536)"
receiveEndbroadcastArrayB__multiplyMat__3;"=AVERAGE(B93:B65536)"
sendStartexplode_generateMatricies_ar__3;"=AVERAGE(AN93:AN65536)"
display;"=AVERAGE(BL93:BL65536)"
receiveEndbroadcastArrayB__multiplyMat__4;"=AVERAGE(J93:J65536)"
sendStartexplode_generateMatricies_ar__4;"=AVERAGE(AJ93:AJ65536)"
receiveEndbroadcastArrayB__multiplyMat__5;"=AVERAGE(CM93:CM65536)"
sendEndmultiplyMatricies_7__implode__0;"=AVERAGE(CJ93:CJ65536)"
receiveEndbroadcastArrayB__multiplyMat__6;"=AVERAGE(BW93:BW65536)"
sendStartexplode_generateMatricies_ar__6;"=AVERAGE(AT93:AT65536)"
receiveEndbroadcastArrayB__multiplyMat__7;"=AVERAGE(BO93:BO65536)"
sendStartexplode_generateMatricies_ar__7;"=AVERAGE(AL93:AL65536)"
sendStartmultiplyMatricies_7__implode__0;"=AVERAGE(CI93:CI65536)"
receiveStartmultiplyMatricies_3__implode__0;"=AVERAGE(BB93:BB65536)"
sendStartmultiplyMatricies_0__implode__0;"=AVERAGE(BS93:BS65536)"
receiveEndmultiplyMatricies_0__implode__0;"=AVERAGE(AW93:AW65536)"
receiveStartbroadcastArrayB__multiplyMat__0;"=AVERAGE(CD93:CD65536)"
receiveEndmultiplyMatricies_7__implode__0;"=AVERAGE(BJ93:BJ65536)"
generate;"=AVERAGE(Q93:Q65536)"
sendEndmultiplyMatricies_1__implode__0;"=AVERAGE(CR93:CR65536)"
receiveEndmultiplyMatricies_1__implode__0;"=AVERAGE(AY93:AY65536)"
receiveEndmultiplyMatricies_3__implode__0;"=AVERAGE(BC93:BC65536)"
receiveEndmultiplyMatricies_6__implode__0;"=AVERAGE(BH93:BH65536)"
receiveStartmultiplyMatricies_7__implode__0;"=AVERAGE(BI93:BI65536)"
sendEndmultiplyMatricies_0__implode__0;"=AVERAGE(BT93:BT65536)"
explode_generateMatricies_arrayA;"=AVERAGE(AG93:AG65536)"
receiveEndmultiplyMatricies_2__implode__0;"=AVERAGE(BA93:BA65536)"
sendEndbroadcastArrayB__multiplyMat__7;"=AVERAGE(AF93:AF65536)"
implode_displayMatrix_arrayC;"=AVERAGE(BK93:BK65536)"
sendEndbroadcastArrayB__multiplyMat__5;"=AVERAGE(AD93:AD65536)"
sendEndbroadcastArrayB__multiplyMat__6;"=AVERAGE(Z93:Z65536)"
multiply;"=AVERAGE(E93:E65536;M93:M65536;BD93:BD65536;BR93:BR65536;BZ93:BZ65536;CH93:CH65536;CP93:CP65536;CX93:CX65536)"
sendStartmultiplyMatricies_1__implode__0;"=AVERAGE(CQ93:CQ65536)"
receiveStartmultiplyMatricies_1__implode__0;"=AVERAGE(AX93:AX65536)"
sendStartmultiplyMatricies_3__implode__0;"=AVERAGE(CA93:CA65536)"
receiveEndmultiplyMatricies_5__implode__0;"=AVERAGE(BF93:BF65536)"
receiveStartbroadcastArrayB__multiplyMat__7;"=AVERAGE(BN93:BN65536)"
sendEndbroadcastArrayB__multiplyMat__4;"=AVERAGE(V93:V65536)"
sendEndbroadcastArrayB__multiplyMat__3;"=AVERAGE(X93:X65536)"
receiveStartbroadcastArrayB__multiplyMat__5;"=AVERAGE(CL93:CL65536)"
sendStartmultiplyMatricies_6__implode__0;"=AVERAGE(N93:N65536)"
sendEndbroadcastArrayB__multiplyMat__2;"=AVERAGE(AB93:AB65536)"
receiveStartbroadcastArrayB__multiplyMat__6;"=AVERAGE(BV93:BV65536)"
receiveStartexplode_generateMatricies_ar__7;"=AVERAGE(C93:C65536)"
sendEndbroadcastArrayB__multiplyMat__0;"=AVERAGE(T93:T65536)"
receiveStartbroadcastArrayB__multiplyMat__3;"=AVERAGE(A93:A65536)"
receiveStartbroadcastArrayB__multiplyMat__4;"=AVERAGE(I93:I65536)"
receiveStartbroadcastArrayB__multiplyMat__2;"=AVERAGE(CT93:CT65536)"
receiveStartmultiplyMatricies_5__implode__0;"=AVERAGE(BE93:BE65536)"
